Morphospecies,point_1,point_2,point_3,point_4,point_5,point_6,point_7,point_8,point_9,point_10,Notes
1,2,,,,,,,,,,Green-and-black fruiteater
2,1,,,,,,,,,,White-banded tyrannulet
3,1,1,,,,,,,,,Hooded mountain tanager
4,,2,,,,,,1,,,Masked flowerpiercer
5,,1,1,1,,,,,,,Barred fruiteater
6,,1,,1,,,,,,,Rufous antpitta
7,,1,1,,,,,,,,Scarlet-bellied mountain tanager
8,1,,1,,1,1,,,,,Tyrian metaltail
9,,1,,2,,,,,,,Rufous wren
10,,1,,,,,,,,,Ash-coloured tapaculo
11,,1,1,,,,,,,,Ocellated tapaculo
12,,,1,,,,,,,,Flavescent flycatcher
13,,,2,1,,,,,,,Grey-browed brushfinch
14,,,1,1,,,,,,,Rufous-headed pygmy tyrant
15,,,1,1,,,,,,,Slaty brushfinch
16,,,1,,,,1,,1,1,Great thrush
17,1,,,1,,,,,,,Pale-bellied tapaculo
18,1,,,1,,,,,,,Rufous antpitta
19,,,,1,,,,,,,Slate-crowned antpitta
20,,,,1,1,,,,1,,Grey-breasted woodwren
21,,,,2,,,,,,,Citrine warbler
22,,,,,3,,,,,,Brown-breasted parakeet
23,,,,,1,,,,,,Lineated foliage-gleaner
24,,,,,1,,,,,,Russet-crowned warbler
25,,,,,1,,,,,,Chestnut-crowned antpitta
26,,,,,1,,,,,,Chestnut-capped brushfinch
27,,,,,1,,,,,,Golden-faced tyrannulet
28,,,,,1,,,1,,,Golden-fronted whitestart
29,,,,,1,,,,,,Streaked tuftedcheek
30,,,,,1,,,,,,Masked trogon
31,,,,,1,,,,,,Black-capped tyrannulet
32,,,,,,1,1,1,,2,House wren
33,,,,,,1,,,,,Black-crested warbler
34,,,,,,,1,1,,1,White-throated tyrannulet
35,,,,,,,1,,,,Glossy-black thrush
36,,,,,,,,1,,,Mountain wren
37,,,,,,,,1,1,,Mountain elaenia
38,,,,,,,,,2,,Andean solitaire
39,,,,,,,,,,2,Eastern meadowloark
40,,,,,,,,,1,1,Crimson-mantled woodpecker
41,,,,,,,,,,2,American kestrel
42,,,,,,,,,,2,Mountain cacique
43,,,,,,,,,,1,Andean guan
44,,,,,,,,,,,
45,,,,,,,,,,,
